Iteration,Fitness,Chromosome
0,5.18,[-7.11, 5.07, 10.59, -15.66, -6.21, 12.67, -12.48, 5.92, 1.9, 17.07]
1,4.58,[3.71, 4.02, -3.71, 10.78, -1.85, -3.2, -0.35, 5.92, 1.9, 17.07]
2,4.34,[3.71, 4.02, -3.71, 10.78, -1.85, -3.2, 7.71, -6.23, 5.76, 10.07]
3,4.34,[15.74, 4.02, -3.71, 10.78, -1.85, -3.2, 7.71, -6.23, 5.76, 10.07]
4,4.1,[-4.86, 0.35, 3.73, 10.78, -1.85, -3.2, 7.71, -6.23, 5.76, 10.07]
5,4.04,[-5.07, 4.02, 1.42, -7.85, -1.85, -3.2, -0.35, 9.35, -5.85, 9.61]
6,3.98,[-5.07, 4.02, 1.42, -7.85, -1.85, -3.2, 7.71, -6.23, 5.76, 10.07]
7,3.87,[-4.55, 0.35, 3.73, 10.78, -1.85, -3.2, -0.35, -6.23, 5.76, 10.07]
8,3.84,[-4.86, 0.35, 3.73, 10.78, -1.85, -3.2, -0.35, -6.23, 5.76, 10.07]
9,3.69,[5.99, -7.78, 6.09, -4.12, -6.21, 12.67, -0.35, -6.23, 5.76, 10.07]
10,3.6,[5.99, -7.78, 6.09, -4.12, -6.21, -3.2, -0.35, -6.23, 5.76, 10.07]
11,3.41,[-4.55, 0.35, 6.09, -4.12, -6.21, -3.2, -0.35, -6.23, 5.76, 10.07]
12,3.35,[1.73, 0.87, -1.27, -7.34, 6.33, -3.2, -0.35, -6.23, 5.76, 10.07]
13,3.17,[0.14, 0.87, -1.27, -7.34, 6.33, -3.2, -0.35, -6.23, 5.76, 10.07]
14,3.17,[0.14, 0.87, -1.27, -7.34, 6.33, -3.2, -0.35, -6.23, 5.76, 10.07]
15,3.17,[0.14, 0.87, -1.27, -7.34, 6.33, -3.2, -0.35, -6.23, 5.76, 10.07]
16,3.01,[0.14, 0.87, -1.27, 4.61, 0.53, -3.2, -0.35, -6.23, 5.76, 10.07]
17,3.01,[0.14, 0.87, -1.27, 4.61, 0.53, -3.2, -0.35, -6.23, 5.76, 10.07]
18,3.01,[0.14, 0.87, -1.27, 4.61, 0.53, -3.2, -0.35, -6.23, 5.76, 10.07]
19,3.01,[0.14, 0.87, -1.27, 4.61, 0.53, -3.2, -0.35, -6.23, 5.76, 10.07]
20,3.0,[0.14, 0.87, -1.27, 4.61, 0.53, 3.8, -0.35, -6.23, 5.76, 10.07]
21,3.0,[0.14, 0.87, -1.27, 4.61, 0.53, 3.8, -0.35, -6.23, 5.76, 10.07]
22,2.85,[-0.36, 0.35, -1.27, -6.16, 0.53, 3.8, -0.35, -6.23, 5.76, 10.07]
23,2.85,[-0.36, 0.35, -1.27, -6.16, 0.53, 3.8, -0.35, -6.23, 5.76, 10.07]
24,2.85,[-0.36, 0.35, -1.27, -6.16, 0.53, 3.8, -0.35, -6.23, 5.76, 10.07]
25,2.8,[1.14, 0.35, -1.27, -0.35, 0.53, 3.8, -0.35, -6.23, 5.76, 10.07]
26,2.72,[0.14, 0.35, 6.09, -0.35, 0.53, 3.8, -0.35, -6.23, 5.76, 10.07]
27,2.62,[1.14, 0.35, 1.42, -0.35, 0.53, -5.74, -0.35, -6.23, 5.76, 10.07]
28,2.49,[1.14, 0.35, 1.42, -0.35, 0.53, 0.59, -0.35, -6.23, 5.76, 10.07]
29,2.47,[0.14, 0.35, -1.27, -0.35, 0.53, -5.74, -0.35, -6.23, 5.76, 10.07]
30,2.38,[-0.36, 0.35, 1.42, -0.35, 0.53, 0.59, -0.35, -6.23, 5.76, 10.07]
31,2.38,[-0.36, 0.35, 1.42, -0.35, 0.53, 0.59, -0.35, -6.23, 5.76, 10.07]
32,2.37,[0.14, 0.35, 1.42, -0.35, 0.53, 0.59, -0.35, -6.23, 5.76, 10.07]
33,2.34,[0.14, 0.35, -1.27, -0.35, 0.53, 0.59, -0.35, -6.23, 5.76, 10.07]
34,2.34,[0.14, 0.35, -1.27, -0.35, 0.53, 0.59, -0.35, -6.23, 5.76, 10.07]
35,2.34,[0.14, 0.35, -1.27, -0.35, 0.53, 0.59, -0.35, -6.23, 5.76, 10.07]
36,2.34,[0.14, 0.35, -1.27, -0.35, 0.53, 0.59, -0.35, -6.23, 5.76, 10.07]
37,2.34,[0.14, 0.35, -1.27, -0.35, 0.53, 0.59, -0.35, -6.23, 5.76, 10.07]
38,2.34,[0.14, 0.35, -1.27, -0.35, 0.53, 0.59, -0.35, -6.23, 5.76, 10.07]
39,2.34,[0.14, 0.35, -1.27, -0.35, 0.53, 0.59, -0.35, -6.23, 5.76, 10.07]
40,2.31,[0.14, -0.34, -1.27, -0.35, 0.11, 0.59, -0.35, -6.23, 5.76, 10.07]
41,2.31,[0.14, -0.34, -1.27, -0.35, 0.11, 0.59, -0.35, -6.23, 5.76, 10.07]
42,2.31,[0.14, -0.34, -1.27, -0.35, 0.11, 0.59, -0.35, -6.23, 5.76, 10.07]
43,2.31,[0.14, -0.34, -1.27, -0.35, 0.11, 0.59, -0.35, -6.23, 5.76, 10.07]
44,2.31,[0.14, -0.34, -1.27, -0.35, 0.11, 0.59, -0.35, -6.23, 5.76, 10.07]
45,2.31,[0.14, -0.34, -1.27, -0.35, 0.11, 0.59, -0.35, -6.23, 5.76, 10.07]
46,2.31,[0.14, -0.34, -1.27, -0.35, 0.11, 0.59, -0.35, -6.23, 5.76, 10.07]
47,2.29,[-0.36, 0.35, 0.93, -0.35, 0.53, 0.59, -0.35, -6.23, 5.76, 10.07]
48,2.29,[-0.36, 0.35, 0.93, -0.35, 0.53, 0.59, -0.35, -6.23, 5.76, 10.07]
49,2.29,[-0.36, 0.35, 0.93, -0.35, 0.53, 0.59, -0.35, -6.23, 5.76, 10.07]
50,2.29,[-0.36, 0.35, 0.93, -0.35, 0.53, 0.59, -0.35, -6.23, 5.76, 10.07]
51,2.26,[-0.36, 0.35, 0.93, -0.35, 0.11, 0.59, -0.35, -6.23, 5.76, 10.07]
52,2.25,[0.14, 0.35, 0.93, -0.35, 0.11, 0.59, -0.35, -6.23, 5.76, 10.07]
53,2.25,[0.14, 0.35, 0.93, -0.35, 0.11, 0.59, -0.35, -6.23, 5.76, 10.07]
54,2.25,[0.14, 0.35, 0.93, -0.35, 0.11, 0.59, -0.35, -6.23, 5.76, 10.07]
55,2.25,[0.14, 0.35, 0.93, -0.35, 0.11, 0.59, -0.35, -6.23, 5.76, 10.07]
56,2.25,[0.14, 0.35, 0.93, -0.35, 0.11, 0.59, -0.35, -6.23, 5.76, 10.07]
57,2.25,[0.14, 0.35, 0.93, -0.35, 0.11, 0.59, -0.35, -6.23, 5.76, 10.07]
58,2.25,[0.14, 0.35, 0.93, -0.35, 0.11, 0.59, -0.35, -6.23, 5.76, 10.07]
59,2.25,[0.14, 0.35, 0.93, -0.35, 0.11, 0.59, -0.35, -6.23, 5.76, 10.07]
60,2.25,[0.14, 0.35, 0.93, -0.35, 0.11, 0.59, -0.35, -6.23, 5.76, 10.07]
61,2.25,[0.14, 0.35, 0.93, -0.35, 0.11, 0.59, -0.35, -6.23, 5.76, 10.07]
62,2.25,[0.14, 0.35, 0.93, -0.35, 0.11, 0.59, -0.35, -6.23, 5.76, 10.07]
63,2.25,[0.14, 0.35, 0.93, -0.35, 0.11, 0.59, -0.35, -6.23, 5.76, 10.07]
64,2.25,[0.14, 0.35, 0.93, -0.35, 0.11, 0.59, -0.35, -6.23, 5.76, 10.07]
65,2.24,[0.14, 0.35, 0.93, -0.11, 0.11, 0.59, -0.35, -6.23, 5.76, 10.07]
66,2.24,[0.14, 0.35, 0.93, -0.11, 0.11, 0.59, -0.35, -6.23, 5.76, 10.07]
67,2.24,[0.14, 0.35, 0.93, -0.11, 0.11, 0.59, -0.35, -6.23, 5.76, 10.07]
68,2.24,[0.14, 0.35, 0.93, -0.11, 0.11, 0.59, -0.35, -6.23, 5.76, 10.07]
69,2.14,[0.14, 0.35, 0.93, -0.35, 0.11, 0.59, -0.35, -6.23, -0.82, 10.07]
70,2.12,[0.14, 0.35, 0.93, -0.11, 0.11, 0.59, -0.35, -6.23, -0.82, 10.07]
71,2.12,[0.14, 0.35, 0.93, -0.11, 0.11, 0.59, -0.35, -6.23, -0.82, 10.07]
72,2.12,[0.14, 0.35, 0.93, -0.35, 0.11, 0.59, -0.35, -6.23, -0.82, 10.07]
73,2.12,[0.14, 0.35, 0.93, -0.35, 0.11, 0.59, -0.35, -6.23, -0.82, 10.07]
74,2.12,[0.14, 0.35, 0.93, -0.35, 0.11, 0.59, -0.35, -6.23, -0.82, 10.07]
75,2.12,[0.14, 0.35, 0.93, -0.11, 0.11, 0.59, -0.35, -6.23, -0.82, 10.07]
76,2.12,[0.14, 0.35, 0.93, -0.11, 0.11, 0.59, -0.35, -6.23, -0.82, 10.07]
77,2.12,[0.14, 0.35, 0.93, -0.11, 0.11, 0.59, -0.35, -6.23, -0.82, 10.07]
78,2.12,[0.14, 0.35, 0.93, -0.11, 0.11, 0.59, -0.35, -6.23, -0.82, 10.07]
79,2.12,[0.14, 0.35, 0.93, -0.11, 0.11, 0.59, -0.35, -6.23, -0.82, 10.07]
80,2.12,[0.14, 0.35, 0.93, -0.11, 0.11, 0.59, -0.35, -6.23, -0.82, 10.07]
81,2.12,[0.14, 0.35, 0.93, -0.11, 0.11, 0.59, -0.35, -6.23, -0.82, 10.07]
82,2.12,[0.14, 0.35, 0.93, -0.11, 0.11, 0.59, -0.35, -6.23, -0.82, 10.07]
83,2.12,[0.14, 0.35, 0.93, -0.11, 0.11, 0.59, -0.35, -6.23, -0.82, 10.07]
84,2.12,[0.14, 0.35, 0.93, -0.11, 0.11, 0.59, -0.35, -6.23, -0.82, 10.07]
85,2.12,[0.14, 0.35, 0.93, -0.11, 0.11, 0.59, -0.35, -6.23, -0.82, 10.07]
86,2.12,[0.14, 0.35, 0.93, -0.11, 0.11, 0.59, -0.35, -6.23, -0.82, 10.07]
87,2.12,[0.14, 0.35, 0.93, -0.11, 0.11, 0.59, -0.35, -6.23, -0.82, 10.07]
88,2.12,[0.14, 0.35, 0.93, -0.11, 0.11, 0.59, -0.35, -6.23, -0.82, 10.07]
89,2.12,[0.14, 0.35, 0.93, -0.11, 0.11, 0.59, -0.35, -6.23, -0.82, 10.07]
90,2.12,[0.14, 0.35, 0.93, -0.11, 0.11, 0.59, -0.35, -6.23, -0.82, 10.07]
91,2.11,[0.14, 0.35, 0.93, -0.11, 0.11, 0.45, -0.35, -6.23, -0.82, 10.07]
92,2.11,[0.14, 0.35, 0.93, -0.11, 0.11, 0.45, -0.35, -6.23, -0.82, 10.07]
93,2.11,[0.14, 0.35, 0.93, -0.11, 0.11, 0.45, -0.35, -6.23, -0.82, 10.07]
94,2.11,[0.14, 0.35, 0.93, -0.11, 0.11, 0.45, -0.35, -6.23, -0.82, 10.07]
95,2.11,[0.14, 0.35, 0.93, -0.11, 0.11, 0.45, -0.35, -6.23, -0.82, 10.07]
96,2.11,[0.14, 0.35, 0.93, -0.11, 0.11, 0.45, -0.35, -6.23, -0.82, 10.07]
97,2.11,[0.14, 0.35, 0.93, -0.11, 0.11, 0.45, -0.35, -6.23, -0.82, 10.07]
98,2.11,[0.14, 0.35, 0.93, -0.11, 0.11, 0.45, -0.35, -6.23, -0.82, 10.07]
99,2.11,[0.14, 0.35, 0.93, -0.11, 0.11, 0.45, -0.35, -6.23, -0.82, 10.07]
100,2.11,[0.14, 0.35, 0.93, -0.11, 0.11, 0.45, -0.35, -6.23, -0.82, 10.07]
101,2.11,[0.14, 0.35, 0.93, -0.11, 0.11, 0.45, -0.35, -6.23, -0.82, 10.07]
102,2.11,[0.14, 0.35, 0.93, -0.11, 0.11, 0.45, -0.35, -6.23, -0.82, 10.07]
103,2.11,[0.14, 0.35, 0.93, -0.11, 0.11, 0.45, -0.35, -6.23, -0.82, 10.07]
104,2.11,[0.14, 0.35, 0.93, -0.11, 0.11, 0.45, -0.35, -6.23, -0.82, 10.07]
105,2.11,[0.14, 0.35, 0.93, -0.11, 0.11, 0.45, -0.35, -6.23, -0.82, 10.07]
106,2.11,[0.14, 0.35, 0.93, -0.11, 0.11, 0.45, -0.35, -6.23, -0.82, 10.07]
107,2.11,[0.14, 0.35, 0.93, -0.11, 0.11, 0.45, -0.35, -6.23, -0.82, 10.07]
108,2.11,[0.14, 0.35, 0.93, -0.11, 0.11, 0.45, -0.35, -6.23, -0.82, 10.07]
109,2.11,[0.14, 0.35, 0.93, -0.11, 0.11, 0.45, -0.35, -6.23, -0.82, 10.07]
110,2.11,[0.14, 0.35, 0.93, -0.11, 0.11, 0.45, -0.35, -6.23, -0.82, 10.07]
111,2.11,[0.14, 0.35, 0.93, -0.11, 0.11, 0.45, -0.35, -6.23, -0.82, 10.07]
112,2.11,[0.14, 0.35, 0.93, -0.11, 0.11, 0.45, -0.35, -6.23, -0.82, 10.07]
113,2.11,[0.14, 0.35, 0.93, -0.11, 0.11, 0.45, -0.35, -6.23, -0.82, 10.07]
114,2.11,[0.14, 0.35, 0.93, -0.11, 0.11, 0.45, -0.35, -6.23, -0.82, 10.07]
115,2.11,[0.14, 0.35, 0.93, -0.11, 0.11, 0.45, -0.35, -6.23, -0.82, 10.07]
116,2.11,[0.14, 0.35, 0.93, -0.11, 0.11, 0.45, -0.35, -6.23, -0.82, 10.07]
117,2.11,[0.14, 0.35, 0.93, -0.11, 0.11, 0.45, -0.35, -6.23, -0.82, 10.07]
118,2.1,[0.14, 0.35, 0.93, -0.11, 0.11, 0.45, -0.35, 1.49, -0.82, 10.07]
119,2.1,[0.14, 0.35, 0.93, -0.11, 0.11, 0.45, -0.35, 1.49, -0.82, 10.07]
120,2.1,[0.14, 0.35, 0.93, -0.11, 0.11, 0.45, -0.35, 1.49, -0.82, 10.07]
121,2.1,[0.14, 0.35, 0.93, -0.11, 0.11, 0.45, -0.35, 1.49, -0.82, 10.07]
122,2.1,[0.14, 0.35, 0.93, -0.11, 0.11, 0.45, -0.35, 1.49, -0.82, 10.07]
123,2.1,[0.14, 0.35, 0.93, -0.11, 0.11, 0.45, -0.35, 1.49, -0.82, 10.07]
124,2.1,[0.14, 0.35, 0.93, -0.11, 0.11, 0.45, -0.35, 1.49, -0.82, 10.07]
125,2.1,[0.14, 0.35, 0.93, -0.11, 0.11, 0.45, -0.35, 1.49, -0.82, 10.07]
126,2.1,[0.14, 0.35, 0.93, -0.11, 0.11, 0.45, -0.35, 1.49, -0.82, 10.07]
127,2.1,[0.14, 0.35, 0.93, -0.11, 0.11, 0.45, -0.35, 1.49, -0.82, 10.07]
128,2.1,[0.14, 0.35, 0.93, -0.11, 0.11, 0.45, -0.35, 1.49, -0.82, 10.07]
129,2.1,[0.14, 0.35, 0.93, -0.11, 0.11, 0.45, -0.35, 1.49, -0.82, 10.07]
130,2.08,[0.14, -0.34, 0.93, -0.11, 0.11, 0.45, -0.35, 1.41, -0.82, 10.07]
131,2.08,[0.14, -0.34, 0.93, -0.11, 0.11, 0.45, -0.35, 1.41, -0.82, 10.07]
132,2.08,[0.14, -0.34, 0.93, -0.11, 0.11, 0.45, -0.35, 1.41, -0.82, 10.07]
133,2.08,[0.14, -0.34, 0.93, -0.11, 0.11, 0.45, -0.35, 1.41, -0.82, 10.07]
134,2.08,[0.14, -0.34, 0.93, -0.11, 0.11, 0.45, -0.35, 1.41, -0.82, 10.07]
135,2.08,[0.14, -0.34, 0.93, -0.11, 0.11, 0.45, -0.35, 1.41, -0.82, 10.07]
136,2.08,[0.14, -0.34, 0.93, -0.11, 0.11, 0.45, -0.35, 1.41, -0.82, 10.07]
137,2.08,[0.14, -0.34, 0.93, -0.11, 0.11, 0.45, -0.35, 1.41, -0.82, 10.07]
138,2.04,[0.14, 0.35, 0.93, -0.11, 0.11, 0.45, -0.35, 1.41, 0.5, 10.07]
139,2.04,[0.14, 0.35, 0.93, -0.11, 0.11, 0.45, -0.35, 1.41, 0.5, 10.07]
140,2.04,[0.14, 0.35, 0.93, -0.11, 0.11, 0.45, -0.35, 1.41, 0.5, 10.07]
141,2.04,[0.14, 0.35, 0.93, -0.11, 0.11, 0.45, -0.35, 1.41, 0.5, 10.07]
142,2.04,[0.14, 0.35, 0.93, -0.11, 0.11, 0.45, -0.35, 1.41, 0.5, 10.07]
143,2.04,[0.14, 0.35, 0.93, -0.11, 0.11, 0.45, -0.35, 1.41, 0.5, 10.07]
144,2.04,[0.14, 0.35, 0.93, -0.11, 0.11, 0.45, -0.35, 1.41, 0.5, 10.07]
145,2.04,[0.14, 0.35, 0.93, -0.11, 0.11, 0.45, -0.35, 1.41, 0.5, 10.07]
146,2.04,[0.14, 0.35, 0.93, -0.11, 0.11, 0.45, -0.35, 1.41, 0.5, 10.07]
147,2.04,[0.14, 0.35, 0.93, -0.11, 0.11, 0.45, -0.35, 1.41, 0.5, 10.07]
148,2.04,[0.14, 0.35, 0.93, -0.11, 0.11, 0.45, -0.35, 1.41, 0.5, 10.07]
149,2.04,[0.14, 0.35, 0.93, -0.11, 0.11, 0.45, -0.35, 1.41, 0.5, 10.07]
150,2.04,[0.14, 0.35, 0.93, -0.11, 0.11, 0.45, -0.35, 1.41, 0.5, 10.07]
151,2.04,[0.14, 0.35, 0.93, -0.11, 0.11, 0.45, -0.35, 1.41, 0.5, 10.07]
152,2.04,[0.14, 0.35, 0.93, -0.11, 0.11, 0.45, -0.35, 1.41, 0.5, 10.07]
153,2.04,[0.14, 0.35, 0.93, -0.11, 0.11, 0.45, -0.35, 1.41, 0.5, 10.07]
154,1.86,[0.14, 0.35, 0.93, -0.11, 0.11, 0.45, -0.35, -0.23, 0.5, 10.07]
155,1.86,[0.14, 0.35, 0.93, -0.11, 0.11, 0.45, -0.35, -0.23, 0.5, 10.07]
156,1.86,[0.14, 0.35, 0.93, -0.11, 0.11, 0.45, -0.35, -0.23, 0.5, 10.07]
157,1.86,[0.14, 0.35, 0.93, -0.11, 0.11, 0.45, -0.35, -0.23, 0.5, 10.07]
158,1.86,[0.14, 0.35, 0.93, -0.11, 0.11, 0.45, -0.35, -0.23, 0.5, 10.07]
159,1.86,[0.14, 0.35, 0.93, -0.11, 0.11, 0.45, -0.35, -0.23, 0.5, 10.07]
160,1.86,[0.14, 0.35, 0.93, -0.11, 0.11, 0.45, -0.35, -0.23, 0.5, 10.07]
161,1.86,[0.14, 0.35, 0.93, -0.11, 0.11, 0.45, -0.35, -0.23, 0.5, 10.07]
162,1.86,[0.14, 0.35, 0.93, -0.11, 0.11, 0.45, -0.35, -0.23, 0.5, 10.07]
163,1.86,[0.14, 0.35, 0.93, -0.11, 0.11, 0.45, -0.35, -0.23, 0.5, 10.07]
164,1.86,[0.14, 0.35, 0.93, -0.11, 0.11, 0.45, -0.35, -0.23, 0.5, 10.07]
165,1.86,[0.14, 0.35, 0.93, -0.11, 0.11, 0.45, -0.35, -0.23, 0.5, 10.07]
166,1.86,[0.14, 0.35, 0.93, -0.11, 0.11, 0.45, -0.35, -0.23, 0.5, 10.07]
167,1.86,[0.14, 0.35, 0.93, -0.11, 0.11, 0.45, -0.35, -0.23, 0.5, 10.07]
168,1.86,[0.14, 0.35, 0.93, -0.11, 0.11, 0.45, -0.35, -0.23, 0.5, 10.07]
169,1.86,[0.14, 0.35, 0.93, -0.11, 0.11, 0.45, -0.35, -0.23, 0.5, 10.07]
170,1.86,[0.14, 0.35, 0.93, -0.11, 0.11, 0.45, -0.35, -0.23, 0.5, 10.07]
171,1.86,[0.14, 0.35, 0.93, -0.11, 0.11, 0.45, -0.35, -0.23, 0.5, 10.07]
172,1.86,[0.14, 0.35, 0.93, -0.11, 0.11, 0.45, -0.35, -0.23, 0.5, 10.07]
173,1.86,[0.14, 0.35, 0.93, -0.11, 0.11, 0.45, -0.35, -0.23, 0.5, 10.07]
174,1.86,[0.14, 0.35, 0.93, -0.11, 0.11, 0.45, -0.35, -0.23, 0.5, 10.07]
175,1.86,[0.14, 0.35, 0.93, -0.11, 0.11, 0.45, -0.35, -0.23, 0.5, 10.07]
176,1.86,[0.14, 0.35, 0.93, -0.11, 0.11, 0.45, -0.35, -0.23, 0.5, 10.07]
177,1.86,[0.14, 0.35, 0.93, -0.11, 0.11, 0.45, -0.35, -0.23, 0.5, 10.07]
178,1.86,[0.14, 0.35, 0.93, -0.11, 0.11, 0.45, -0.35, -0.23, 0.5, 10.07]
179,1.86,[0.14, 0.35, 0.93, -0.11, 0.11, 0.45, -0.35, -0.23, 0.5, 10.07]
180,1.86,[0.14, 0.35, 0.93, -0.11, 0.11, 0.45, -0.35, -0.23, 0.5, 10.07]
181,1.86,[0.14, 0.35, 0.93, -0.11, 0.11, 0.45, -0.35, -0.23, 0.5, 10.07]
182,1.86,[0.14, 0.35, 0.93, -0.11, 0.11, 0.45, -0.35, -0.23, 0.5, 10.07]
183,1.86,[0.14, 0.35, 0.93, -0.11, 0.11, 0.45, -0.35, -0.23, 0.5, 10.07]
184,1.86,[0.14, 0.35, 0.93, -0.11, 0.11, 0.45, -0.35, -0.23, 0.5, 10.07]
185,1.86,[0.14, 0.35, 0.93, -0.11, 0.11, 0.45, -0.35, -0.23, 0.5, 10.07]
186,1.86,[0.14, 0.35, 0.93, -0.11, 0.11, 0.45, -0.35, -0.23, 0.5, 10.07]
187,1.86,[0.14, 0.35, 0.93, -0.11, 0.11, 0.45, -0.35, -0.23, 0.5, 10.07]
188,1.86,[0.14, 0.35, 0.93, -0.11, 0.11, 0.45, -0.35, -0.23, 0.5, 10.07]
189,1.86,[0.14, 0.35, 0.93, -0.11, 0.11, 0.45, -0.35, -0.23, 0.5, 10.07]
190,1.86,[0.14, 0.35, 0.93, -0.11, 0.11, 0.45, -0.35, -0.23, 0.5, 10.07]
191,1.85,[0.14, 0.13, 0.93, -0.11, 0.11, 0.45, -0.35, -0.23, 0.5, 10.07]
192,1.85,[0.14, 0.13, 0.93, -0.11, 0.11, 0.45, -0.35, -0.23, 0.5, 10.07]
193,1.85,[0.14, 0.13, 0.93, -0.11, 0.11, 0.45, -0.35, -0.23, 0.5, 10.07]
194,1.85,[0.14, 0.13, 0.93, -0.11, 0.11, 0.45, -0.35, -0.23, 0.5, 10.07]
195,1.85,[0.14, 0.13, 0.93, -0.11, 0.11, 0.45, -0.35, -0.23, 0.5, 10.07]
196,1.85,[0.14, 0.13, 0.93, -0.11, 0.11, 0.45, -0.35, -0.23, 0.5, 10.07]
197,1.85,[0.14, 0.13, 0.93, -0.11, 0.11, 0.45, -0.35, -0.23, 0.5, 10.07]
198,1.85,[0.14, 0.13, 0.93, -0.11, 0.11, 0.45, -0.35, -0.23, 0.5, 10.07]
199,1.85,[0.14, 0.13, 0.93, -0.11, 0.11, 0.45, -0.35, -0.23, 0.5, 10.07]
200,1.85,[0.14, 0.13, 0.93, -0.11, 0.11, 0.45, -0.35, -0.23, 0.5, 10.07]
201,1.85,[0.14, 0.13, 0.93, -0.11, 0.11, 0.45, -0.35, -0.23, 0.5, 10.07]
202,1.85,[0.14, 0.13, 0.93, -0.11, 0.11, 0.45, -0.35, -0.23, 0.5, 10.07]
203,1.85,[0.14, 0.13, 0.93, -0.11, 0.11, 0.45, -0.35, -0.23, 0.5, 10.07]
204,1.85,[0.14, 0.13, 0.93, -0.11, 0.11, 0.45, -0.35, -0.23, 0.5, 10.07]
205,1.85,[0.14, 0.13, 0.93, -0.11, 0.11, 0.45, -0.35, -0.23, 0.5, 10.07]
206,1.85,[0.14, 0.13, 0.93, -0.11, 0.11, 0.45, -0.35, -0.23, 0.5, 10.07]
207,1.85,[0.14, 0.13, 0.93, -0.11, 0.11, 0.45, -0.35, -0.23, 0.5, 10.07]
208,1.85,[0.14, 0.13, 0.93, -0.11, 0.11, 0.45, -0.35, -0.23, 0.5, 10.07]
209,1.76,[0.14, 0.13, 0.14, -0.11, 0.11, 0.45, -0.35, -0.23, 0.5, 10.07]
210,1.76,[0.14, 0.13, 0.14, -0.11, 0.11, 0.45, -0.35, -0.23, 0.5, 10.07]
211,1.76,[0.14, 0.13, 0.14, -0.11, 0.11, 0.45, -0.35, -0.23, 0.5, 10.07]
212,1.76,[0.14, 0.13, 0.14, -0.11, 0.11, 0.45, -0.35, -0.23, 0.5, 10.07]
213,1.76,[0.14, 0.13, 0.14, -0.11, 0.11, 0.45, -0.35, -0.23, 0.5, 10.07]
214,1.76,[0.14, 0.13, 0.14, -0.11, 0.11, 0.45, -0.35, -0.23, 0.5, 10.07]
215,1.76,[0.14, 0.13, 0.14, -0.11, 0.11, 0.45, -0.35, -0.23, 0.5, 10.07]
216,1.76,[0.14, 0.13, 0.14, -0.11, 0.11, 0.45, -0.35, -0.23, 0.5, 10.07]
217,1.76,[0.14, 0.13, 0.14, -0.11, 0.11, 0.45, -0.35, -0.23, 0.5, 10.07]
218,1.76,[0.14, 0.13, 0.14, -0.11, 0.11, 0.45, -0.35, -0.23, 0.5, 10.07]
219,1.76,[0.14, 0.13, 0.14, -0.11, 0.11, 0.45, -0.35, -0.23, 0.5, 10.07]
220,1.76,[0.14, 0.13, 0.14, -0.11, 0.11, 0.45, -0.35, -0.23, 0.5, 10.07]
221,1.74,[0.14, 0.13, 0.14, -0.11, 0.11, 0.45, -0.35, -0.23, 0.23, 10.07]
222,1.74,[0.14, 0.13, 0.14, -0.11, 0.11, 0.45, -0.35, -0.23, 0.23, 10.07]
223,1.74,[0.14, 0.13, 0.14, -0.11, 0.11, 0.45, -0.35, -0.23, 0.23, 10.07]
224,1.74,[0.14, 0.13, 0.14, -0.11, 0.11, 0.45, -0.35, -0.23, 0.23, 10.07]
225,1.74,[0.14, 0.13, 0.14, -0.11, 0.11, 0.45, -0.35, -0.23, 0.23, 10.07]
226,1.74,[0.14, 0.13, 0.14, -0.11, 0.11, 0.45, -0.35, -0.23, 0.23, 10.07]
227,1.73,[0.14, 0.13, 0.14, -0.11, 0.11, 0.26, -0.35, -0.23, 0.23, 10.07]
228,1.73,[0.14, 0.13, 0.14, -0.11, 0.11, 0.26, -0.35, -0.23, 0.23, 10.07]
229,1.73,[0.14, 0.13, 0.14, -0.11, 0.11, 0.26, -0.35, -0.23, 0.23, 10.07]
230,1.73,[0.14, 0.13, 0.14, -0.11, 0.11, 0.26, -0.35, -0.23, 0.23, 10.07]
231,1.73,[0.14, 0.13, 0.14, -0.11, 0.11, 0.26, -0.35, -0.23, 0.23, 10.07]
232,1.73,[0.14, 0.13, 0.14, -0.11, 0.11, 0.26, -0.35, -0.23, 0.23, 10.07]
233,1.73,[0.14, 0.13, 0.14, -0.11, 0.11, 0.26, -0.35, -0.23, 0.23, 10.07]
234,1.73,[0.14, 0.13, 0.14, -0.11, 0.11, 0.26, -0.35, -0.23, 0.23, 10.07]
235,1.73,[0.14, 0.13, 0.14, -0.11, 0.11, 0.26, -0.35, -0.23, 0.23, 10.07]
236,1.73,[0.14, 0.13, 0.14, -0.11, 0.11, 0.26, -0.35, -0.23, 0.23, 10.07]
237,1.73,[0.14, 0.13, 0.14, -0.11, 0.11, 0.26, -0.35, -0.23, 0.23, 10.07]
238,1.73,[0.14, 0.13, 0.14, -0.11, 0.11, 0.26, -0.35, -0.23, 0.23, 10.07]
239,1.73,[0.14, 0.13, 0.14, -0.11, 0.11, 0.26, -0.35, -0.23, 0.23, 10.07]
240,1.73,[0.14, 0.13, 0.14, -0.11, 0.11, 0.26, -0.35, -0.23, 0.23, 10.07]
241,1.73,[0.14, 0.13, 0.14, -0.11, 0.11, 0.26, -0.35, -0.23, 0.23, 10.07]
242,1.73,[0.14, 0.13, 0.14, -0.11, 0.11, 0.26, -0.35, -0.23, 0.23, 10.07]
243,1.73,[0.14, 0.13, 0.14, -0.11, 0.11, 0.26, -0.35, -0.23, 0.23, 10.07]
244,1.73,[0.14, 0.13, 0.14, -0.11, 0.11, 0.26, -0.35, -0.23, 0.23, 10.07]
245,1.73,[0.14, 0.13, 0.14, -0.11, 0.11, 0.26, -0.35, -0.23, 0.23, 10.07]
246,1.73,[0.14, 0.13, 0.14, -0.11, 0.11, 0.26, -0.35, -0.23, 0.23, 10.07]
247,1.73,[0.14, 0.13, 0.14, -0.11, 0.11, 0.26, -0.35, -0.23, 0.23, 10.07]
248,1.73,[0.14, 0.13, 0.14, -0.11, 0.11, 0.26, -0.35, -0.23, 0.23, 10.07]
249,1.73,[0.14, 0.13, 0.14, -0.11, 0.11, 0.26, -0.35, -0.23, 0.23, 10.07]
250,1.73,[0.14, 0.13, 0.14, -0.11, 0.11, 0.26, -0.35, -0.23, 0.23, 10.07]
251,1.73,[0.14, 0.13, 0.14, -0.11, 0.11, 0.26, -0.35, -0.23, 0.23, 10.07]
252,1.73,[0.14, 0.13, 0.14, -0.11, 0.11, 0.26, -0.35, -0.23, 0.23, 10.07]
253,1.73,[0.14, 0.13, 0.14, -0.11, 0.11, 0.26, -0.35, -0.23, 0.23, 10.07]
254,1.73,[0.14, 0.13, 0.14, -0.11, 0.11, 0.26, -0.35, -0.23, 0.23, 10.07]
255,1.72,[0.14, 0.13, 0.14, -0.11, 0.11, -0.24, -0.35, -0.23, 0.23, 10.07]
256,1.72,[0.14, 0.13, 0.14, -0.11, 0.11, -0.24, -0.35, -0.23, 0.23, 10.07]
257,1.72,[0.14, 0.13, 0.14, -0.11, 0.11, -0.24, -0.35, -0.23, 0.23, 10.07]
258,1.72,[0.14, 0.13, 0.14, -0.11, 0.11, -0.24, -0.35, -0.23, 0.23, 10.07]
259,1.72,[0.14, 0.13, 0.14, -0.11, 0.11, -0.24, -0.35, -0.23, 0.23, 10.07]
260,1.72,[0.14, 0.13, 0.14, -0.11, 0.11, -0.24, -0.35, -0.23, 0.23, 10.07]
261,1.72,[0.14, 0.13, 0.14, -0.11, 0.11, -0.24, -0.35, -0.23, 0.23, 10.07]
262,1.72,[0.14, 0.13, 0.14, -0.11, 0.11, -0.24, -0.35, -0.23, 0.23, 10.07]
263,1.72,[0.14, 0.13, 0.14, -0.11, 0.11, -0.24, -0.35, -0.23, 0.23, 10.07]
264,1.72,[0.14, 0.13, 0.14, -0.11, 0.11, -0.24, -0.35, -0.23, 0.23, 10.07]
265,1.72,[0.14, 0.13, 0.14, -0.11, 0.11, -0.24, -0.35, -0.23, 0.23, 10.07]
266,1.72,[0.14, 0.13, 0.14, -0.11, 0.11, -0.24, -0.35, -0.23, 0.23, 10.07]
267,1.72,[0.14, 0.13, 0.14, -0.11, 0.11, -0.24, -0.35, -0.23, 0.23, 10.07]
268,1.72,[0.14, 0.13, 0.14, -0.11, 0.11, -0.24, -0.35, -0.23, 0.23, 10.07]
269,1.72,[0.14, 0.13, 0.14, -0.11, 0.11, -0.24, -0.35, -0.23, 0.23, 10.07]
270,1.72,[0.14, 0.13, 0.14, -0.11, 0.11, -0.24, -0.35, -0.23, 0.23, 10.07]
271,1.72,[0.14, 0.13, 0.14, -0.11, 0.11, -0.24, -0.35, -0.23, 0.23, 10.07]
272,1.72,[0.14, 0.13, 0.14, -0.11, 0.11, -0.24, -0.35, -0.23, 0.23, 10.07]
273,1.72,[0.14, 0.13, 0.14, -0.11, 0.11, -0.24, -0.35, -0.23, 0.23, 10.07]
274,1.72,[0.14, 0.13, 0.14, -0.11, 0.11, -0.24, -0.35, -0.23, 0.23, 10.07]
275,1.72,[0.14, 0.13, 0.14, -0.11, 0.11, -0.24, -0.35, -0.23, 0.23, 10.07]
276,1.72,[0.14, 0.13, 0.14, -0.11, 0.11, -0.24, -0.35, -0.23, 0.23, 10.07]
277,1.72,[0.14, 0.13, 0.14, -0.11, 0.11, -0.24, -0.35, -0.23, 0.23, 10.07]
278,1.72,[0.14, 0.13, 0.14, -0.11, 0.11, -0.24, -0.35, -0.23, 0.23, 10.07]
279,1.72,[0.14, 0.13, 0.14, -0.11, 0.11, -0.24, -0.35, -0.23, 0.23, 10.07]
280,1.72,[0.14, 0.13, 0.14, -0.11, 0.11, -0.24, -0.35, -0.23, 0.23, 10.07]
281,1.72,[0.14, 0.13, 0.14, -0.11, 0.11, -0.24, -0.35, -0.23, 0.23, 10.07]
282,1.72,[0.14, 0.13, 0.14, -0.11, 0.11, -0.24, -0.35, -0.23, 0.23, 10.07]
283,1.72,[0.14, 0.13, 0.14, -0.11, 0.11, -0.24, -0.35, -0.23, 0.23, 10.07]
284,1.72,[0.14, 0.13, 0.14, -0.11, 0.11, -0.24, -0.35, -0.23, 0.23, 10.07]
285,1.72,[0.14, 0.13, 0.14, -0.11, 0.11, -0.24, -0.35, -0.23, 0.23, 10.07]
286,1.72,[0.14, 0.13, 0.14, -0.11, 0.11, -0.24, -0.35, -0.23, 0.23, 10.07]
287,1.72,[0.14, 0.13, 0.14, -0.11, 0.11, -0.24, -0.35, -0.23, 0.23, 10.07]
288,1.72,[0.14, 0.13, 0.14, -0.11, 0.11, -0.24, -0.35, -0.23, 0.23, 10.07]
289,1.72,[0.14, 0.13, 0.14, -0.11, 0.11, -0.24, -0.35, -0.23, 0.23, 10.07]
290,1.72,[0.14, 0.13, 0.14, -0.11, 0.11, -0.24, -0.35, -0.23, 0.23, 10.07]
291,1.72,[0.14, 0.13, 0.14, -0.11, 0.11, -0.24, -0.35, -0.23, 0.23, 10.07]
292,1.72,[0.14, 0.13, 0.14, -0.11, 0.11, -0.24, -0.35, -0.23, 0.23, 10.07]
293,1.72,[0.14, 0.13, 0.14, -0.11, 0.11, -0.24, -0.35, -0.23, 0.23, 10.07]
294,1.72,[0.14, 0.13, 0.14, -0.11, 0.11, -0.24, -0.35, -0.23, 0.23, 10.07]
295,1.72,[0.14, 0.13, 0.14, -0.11, 0.11, -0.24, -0.35, -0.23, 0.23, 10.07]
296,1.72,[0.14, 0.13, 0.14, -0.11, 0.11, -0.24, -0.35, -0.23, 0.23, 10.07]
297,1.72,[0.14, 0.13, 0.14, -0.11, 0.11, -0.24, -0.35, -0.23, 0.23, 10.07]
298,1.72,[0.14, 0.13, 0.14, -0.11, 0.11, -0.24, -0.35, -0.23, 0.23, 10.07]
299,1.72,[0.14, 0.13, 0.14, -0.11, 0.11, -0.24, -0.35, -0.23, 0.23, 10.07]
300,1.72,[0.14, 0.13, 0.14, -0.11, 0.11, -0.24, -0.35, -0.23, 0.23, 10.07]
301,1.72,[0.14, 0.13, 0.14, -0.11, 0.11, -0.24, -0.35, -0.23, 0.23, 10.07]
302,1.72,[0.14, 0.13, 0.14, -0.11, 0.11, -0.24, -0.35, -0.23, 0.23, 10.07]
303,1.72,[0.14, 0.13, 0.14, -0.11, 0.11, -0.24, -0.35, -0.23, 0.23, 10.07]
304,1.72,[0.14, 0.13, 0.14, -0.11, 0.11, -0.24, -0.35, -0.23, 0.23, 10.07]
305,1.72,[0.14, 0.13, 0.14, -0.11, 0.11, -0.24, -0.35, -0.23, 0.23, 10.07]
306,1.72,[0.14, 0.13, 0.14, -0.11, 0.11, -0.24, -0.35, -0.23, 0.23, 10.07]
307,1.72,[0.14, 0.13, 0.14, -0.11, 0.11, -0.24, -0.35, -0.23, 0.23, 10.07]
308,1.72,[0.14, 0.13, 0.14, -0.11, 0.11, -0.24, -0.35, -0.23, 0.23, 10.07]
309,1.72,[0.14, 0.13, 0.14, -0.11, 0.11, -0.24, -0.35, -0.23, 0.23, 10.07]
310,1.72,[0.14, 0.13, 0.14, -0.11, 0.11, -0.24, -0.35, -0.23, 0.23, 10.07]
311,1.72,[0.14, 0.13, 0.14, -0.11, 0.11, -0.24, -0.35, -0.23, 0.23, 10.07]
312,1.72,[0.14, 0.13, 0.14, -0.11, 0.11, -0.24, -0.35, -0.23, 0.23, 10.07]
313,1.72,[0.14, 0.13, 0.14, -0.11, 0.11, -0.24, -0.35, -0.23, 0.23, 10.07]
314,1.72,[0.14, 0.13, 0.14, -0.11, 0.11, -0.24, -0.35, -0.23, 0.23, 10.07]
315,1.72,[0.14, 0.13, 0.14, -0.11, 0.11, -0.24, -0.35, -0.23, 0.23, 10.07]
316,1.72,[0.14, 0.13, 0.14, -0.11, 0.11, -0.24, -0.35, -0.23, 0.23, 10.07]
317,1.72,[0.14, 0.13, 0.14, -0.11, 0.11, -0.24, -0.35, -0.23, 0.23, 10.07]
318,1.72,[0.14, 0.13, 0.14, -0.11, 0.11, -0.24, -0.35, -0.23, 0.23, 10.07]
319,1.72,[0.14, 0.13, 0.14, -0.11, 0.11, -0.24, -0.35, -0.23, 0.23, 10.07]
320,1.72,[0.14, 0.13, 0.14, -0.11, 0.11, -0.24, -0.35, -0.23, 0.23, 10.07]
321,1.72,[0.14, 0.13, 0.14, -0.11, 0.11, -0.24, -0.35, -0.23, 0.23, 10.07]
322,1.72,[0.14, 0.13, 0.14, -0.11, 0.11, -0.24, -0.35, -0.23, 0.23, 10.07]
323,1.72,[0.14, 0.13, 0.14, -0.11, 0.11, -0.24, -0.35, -0.23, 0.23, 10.07]
324,1.72,[0.14, 0.13, 0.14, -0.11, 0.11, -0.24, -0.35, -0.23, 0.23, 10.07]
325,1.72,[0.14, 0.13, 0.14, -0.11, 0.11, -0.24, -0.35, -0.23, 0.23, 10.07]
326,1.72,[0.14, 0.13, 0.14, -0.11, 0.11, -0.24, -0.35, -0.23, 0.23, 10.07]
327,1.72,[0.14, 0.13, 0.14, -0.11, 0.11, -0.24, -0.35, -0.23, 0.23, 10.07]
328,1.72,[0.14, 0.13, 0.14, -0.11, 0.11, -0.24, -0.35, -0.23, 0.23, 10.07]
329,1.72,[0.14, 0.13, 0.14, -0.11, 0.11, -0.24, -0.35, -0.23, 0.23, 10.07]
330,1.72,[0.14, 0.13, 0.14, -0.11, 0.11, -0.24, -0.35, -0.23, 0.23, 10.07]
331,1.72,[0.14, 0.13, 0.14, -0.11, 0.11, -0.24, -0.35, -0.23, 0.23, 10.07]
332,1.72,[0.14, 0.13, 0.14, -0.11, 0.11, -0.24, -0.35, -0.23, 0.23, 10.07]
333,1.72,[0.14, 0.13, 0.14, -0.11, 0.11, -0.24, -0.35, -0.23, 0.23, 10.07]
334,1.72,[0.14, 0.13, 0.14, -0.11, 0.11, -0.24, -0.35, -0.23, 0.23, 10.07]
335,1.72,[0.14, 0.13, 0.14, -0.11, 0.11, -0.24, -0.35, -0.23, 0.23, 10.07]
336,1.72,[0.14, 0.13, 0.14, -0.11, 0.11, -0.24, -0.35, -0.23, 0.23, 10.07]
337,1.72,[0.14, 0.13, 0.14, -0.11, 0.11, -0.24, -0.35, -0.23, 0.23, 10.07]
338,1.72,[0.14, 0.13, 0.14, -0.11, 0.11, -0.24, -0.35, -0.23, 0.23, 10.07]
339,1.72,[0.14, 0.13, 0.14, -0.11, 0.11, -0.24, -0.35, -0.23, 0.23, 10.07]
340,1.72,[0.14, 0.13, 0.14, -0.11, 0.11, -0.24, -0.35, -0.23, 0.23, 10.07]
341,1.72,[0.14, 0.13, 0.14, -0.11, 0.11, -0.24, -0.35, -0.23, 0.23, 10.07]
342,1.72,[0.14, 0.13, 0.14, -0.11, 0.11, -0.24, -0.35, -0.23, 0.23, 10.07]
343,1.72,[0.14, 0.13, 0.14, -0.11, 0.11, -0.24, -0.35, -0.23, 0.23, 10.07]
344,1.72,[0.14, 0.13, 0.14, -0.11, 0.11, -0.24, -0.35, -0.23, 0.23, 10.07]
345,1.72,[0.14, 0.13, 0.14, -0.11, 0.11, -0.24, -0.35, -0.23, 0.23, 10.07]
346,1.72,[0.14, 0.13, 0.14, -0.11, 0.11, -0.24, -0.35, -0.23, 0.23, 10.07]
347,1.72,[0.14, 0.13, 0.14, -0.11, 0.11, -0.24, -0.35, -0.23, 0.23, 10.07]
348,1.72,[0.14, 0.13, 0.14, -0.11, 0.11, -0.24, -0.35, -0.23, 0.23, 10.07]
349,1.72,[0.14, 0.13, 0.14, -0.11, 0.11, -0.24, -0.35, -0.23, 0.23, 10.07]
350,1.72,[0.14, 0.13, 0.14, -0.11, 0.11, -0.24, -0.35, -0.23, 0.23, 10.07]
351,1.72,[0.14, 0.13, 0.14, -0.11, 0.11, -0.24, -0.35, -0.23, 0.23, 10.07]
352,1.72,[0.14, 0.13, 0.14, -0.11, 0.11, -0.24, -0.35, -0.23, 0.23, 10.07]
353,1.72,[0.14, 0.13, 0.14, -0.11, 0.11, -0.24, -0.35, -0.23, 0.23, 10.07]
354,1.72,[0.14, 0.13, 0.14, -0.11, 0.11, -0.24, -0.35, -0.23, 0.23, 10.07]
355,1.72,[0.14, 0.13, 0.14, -0.11, 0.11, -0.24, -0.35, -0.23, 0.23, 10.07]
356,1.72,[0.14, 0.13, 0.14, -0.11, 0.11, -0.24, -0.35, -0.23, 0.23, 10.07]
357,1.72,[0.14, 0.13, 0.14, -0.11, 0.11, -0.24, -0.35, -0.23, 0.23, 10.07]
358,1.72,[0.14, 0.13, 0.14, -0.11, 0.11, -0.24, -0.35, -0.23, 0.23, 10.07]
359,1.72,[0.14, 0.13, 0.14, -0.11, 0.11, -0.24, -0.35, -0.23, 0.23, 10.07]
360,1.72,[0.14, 0.13, 0.14, -0.11, 0.11, -0.24, -0.35, -0.23, 0.23, 10.07]
361,1.72,[0.14, 0.13, 0.14, -0.11, 0.11, -0.24, -0.35, -0.23, 0.23, 10.07]
362,1.72,[0.14, 0.13, 0.14, -0.11, 0.11, -0.24, -0.35, -0.23, 0.23, 10.07]
363,1.72,[0.14, 0.13, 0.14, -0.11, 0.11, -0.24, -0.35, -0.23, 0.23, 10.07]
364,1.72,[0.14, 0.13, 0.14, -0.11, 0.11, -0.24, -0.35, -0.23, 0.23, 10.07]
365,1.72,[0.14, 0.13, 0.14, -0.11, 0.11, -0.24, -0.35, -0.23, 0.23, 10.07]
366,1.72,[0.14, 0.13, 0.14, -0.11, 0.11, -0.24, -0.35, -0.23, 0.23, 10.07]
367,1.72,[0.14, 0.13, 0.14, -0.11, 0.11, -0.24, -0.35, -0.23, 0.23, 10.07]
368,1.72,[0.14, 0.13, 0.14, -0.11, 0.11, -0.24, -0.35, -0.23, 0.23, 10.07]
369,1.72,[0.14, 0.13, 0.14, -0.11, 0.11, -0.24, -0.35, -0.23, 0.23, 10.07]
370,1.72,[0.14, 0.13, 0.14, -0.11, 0.11, -0.24, -0.35, -0.23, 0.23, 10.07]
371,1.72,[0.14, 0.13, 0.14, -0.11, 0.11, -0.24, -0.35, -0.23, 0.23, 10.07]
372,1.72,[0.14, 0.13, 0.14, -0.11, 0.11, -0.24, -0.35, -0.23, 0.23, 10.07]
373,1.72,[0.14, 0.13, 0.14, -0.11, 0.11, -0.24, -0.35, -0.23, 0.23, 10.07]
374,1.72,[0.14, 0.13, 0.14, -0.11, 0.11, -0.24, -0.35, -0.23, 0.23, 10.07]
375,1.72,[0.14, 0.13, 0.14, -0.11, 0.11, -0.24, -0.35, -0.23, 0.23, 10.07]
376,1.72,[0.14, 0.13, 0.14, -0.11, 0.11, -0.24, -0.35, -0.23, 0.23, 10.07]
377,1.72,[0.14, 0.13, 0.14, -0.11, 0.11, -0.24, -0.35, -0.23, 0.23, 10.07]
378,1.72,[0.14, 0.13, 0.14, -0.11, 0.11, -0.24, -0.35, -0.23, 0.23, 10.07]
379,1.71,[0.14, 0.13, 0.14, -0.11, 0.11, -0.24, -0.08, -0.23, 0.23, 10.07]
380,1.71,[0.14, 0.13, 0.14, -0.11, 0.11, -0.24, -0.08, -0.23, 0.23, 10.07]
381,1.71,[0.14, 0.13, 0.14, -0.11, 0.11, -0.24, -0.08, -0.23, 0.23, 10.07]
382,1.71,[0.14, 0.13, 0.14, -0.11, 0.11, -0.24, -0.08, -0.23, 0.23, 10.07]
383,1.71,[0.14, 0.13, 0.14, -0.11, 0.11, -0.24, -0.08, -0.23, 0.23, 10.07]
384,1.71,[0.14, 0.13, 0.14, -0.11, 0.11, -0.24, -0.08, -0.23, 0.23, 10.07]
385,1.71,[0.14, 0.13, 0.14, -0.11, 0.11, -0.24, -0.08, -0.23, 0.23, 10.07]
386,1.71,[0.14, 0.13, 0.14, -0.11, 0.11, -0.24, -0.08, -0.23, 0.23, 10.07]
387,1.71,[0.14, 0.13, 0.14, -0.11, 0.11, -0.24, -0.08, -0.23, 0.23, 10.07]
388,1.71,[0.14, 0.13, 0.14, -0.11, 0.11, -0.24, -0.08, -0.23, 0.23, 10.07]
389,1.71,[0.14, 0.13, 0.14, -0.11, 0.11, -0.24, -0.08, -0.23, 0.23, 10.07]
390,1.71,[0.14, 0.13, 0.14, -0.11, 0.11, -0.24, -0.08, -0.23, 0.23, 10.07]
391,1.71,[0.14, 0.13, 0.14, -0.11, 0.11, -0.24, -0.08, -0.23, 0.23, 10.07]
392,1.71,[0.14, 0.13, 0.14, -0.11, 0.11, -0.24, -0.08, -0.23, 0.23, 10.07]
393,1.71,[0.14, 0.13, 0.14, -0.11, 0.11, -0.24, -0.08, -0.23, 0.23, 10.07]
394,1.71,[0.14, 0.13, 0.14, -0.11, 0.11, -0.24, -0.08, -0.23, 0.23, 10.07]
395,1.71,[0.14, 0.13, 0.14, -0.11, 0.11, -0.24, -0.08, -0.23, 0.23, 10.07]
396,1.71,[0.14, 0.13, 0.14, -0.11, 0.11, -0.24, -0.08, -0.23, 0.23, 10.07]
397,1.71,[0.14, 0.13, 0.14, -0.11, 0.11, -0.24, -0.08, -0.23, 0.23, 10.07]
398,1.71,[0.14, 0.13, 0.14, -0.11, 0.11, -0.24, -0.08, -0.23, 0.23, 10.07]
399,1.71,[0.14, 0.13, 0.14, -0.11, 0.11, -0.24, -0.08, -0.23, 0.23, 10.07]
400,1.71,[0.14, 0.13, 0.14, -0.11, 0.11, -0.24, -0.08, -0.23, 0.23, 10.07]
401,1.71,[0.14, 0.13, 0.14, -0.11, 0.11, -0.24, -0.08, -0.23, 0.23, 10.07]
402,1.71,[0.14, 0.13, 0.14, -0.11, 0.11, -0.24, -0.08, -0.23, 0.23, 10.07]
403,1.71,[0.14, 0.13, 0.14, -0.11, 0.11, -0.24, -0.08, -0.23, 0.23, 10.07]
404,1.71,[0.14, 0.13, 0.14, -0.11, 0.11, -0.24, -0.08, -0.23, 0.23, 10.07]
405,1.71,[0.14, 0.13, 0.14, -0.11, 0.11, -0.24, -0.08, -0.23, 0.23, 10.07]
406,1.71,[0.14, 0.13, 0.14, -0.11, 0.11, -0.24, -0.08, -0.23, 0.23, 10.07]
407,1.71,[0.14, 0.13, 0.14, -0.11, 0.11, -0.24, -0.08, -0.23, 0.23, 10.07]
408,1.71,[0.14, 0.13, 0.14, -0.11, 0.11, -0.24, -0.08, -0.23, 0.23, 10.07]
409,1.71,[0.14, 0.13, 0.14, -0.11, 0.11, -0.24, -0.08, -0.23, 0.23, 10.07]
410,1.71,[0.14, 0.13, 0.14, -0.11, 0.11, -0.24, -0.08, -0.23, 0.23, 10.07]
411,1.71,[0.14, 0.13, 0.14, -0.11, 0.11, -0.24, -0.08, -0.23, 0.23, 10.07]
412,1.71,[0.14, 0.13, 0.14, -0.11, 0.11, -0.24, -0.08, -0.23, 0.23, 10.07]
413,1.71,[0.14, 0.13, 0.14, -0.11, 0.11, -0.24, -0.08, -0.23, 0.23, 10.07]
414,1.71,[0.14, 0.13, 0.14, -0.11, 0.11, -0.24, -0.08, -0.23, 0.23, 10.07]
415,1.71,[0.14, 0.13, 0.14, -0.11, 0.11, -0.24, -0.08, -0.23, 0.23, 10.07]
416,1.71,[0.14, 0.13, 0.14, -0.11, 0.11, -0.24, -0.08, -0.23, 0.23, 10.07]
417,1.71,[0.14, 0.13, 0.14, -0.11, 0.11, -0.24, -0.08, -0.23, 0.23, 10.07]
418,1.71,[0.14, 0.13, 0.14, -0.11, 0.11, -0.24, -0.08, -0.23, 0.23, 10.07]
419,1.71,[0.14, 0.13, 0.14, -0.11, 0.11, -0.24, -0.08, -0.23, 0.23, 10.07]
420,1.71,[0.14, 0.13, 0.14, -0.11, 0.11, -0.24, -0.08, -0.23, 0.23, 10.07]
421,1.71,[0.14, 0.13, 0.14, -0.11, 0.11, -0.24, -0.08, -0.23, 0.23, 10.07]
422,1.71,[0.14, 0.13, 0.14, -0.11, 0.11, -0.24, -0.08, -0.23, 0.23, 10.07]
423,1.71,[0.14, 0.13, 0.14, -0.11, 0.11, -0.24, -0.08, -0.23, 0.23, 10.07]
424,1.71,[0.14, 0.13, 0.14, -0.11, 0.11, -0.24, -0.08, -0.23, 0.23, 10.07]
425,1.71,[0.14, 0.13, 0.14, -0.11, 0.11, -0.24, -0.08, -0.23, 0.23, 10.07]
426,1.71,[0.14, 0.13, 0.14, -0.11, 0.11, -0.24, -0.08, -0.23, 0.23, 10.07]
427,1.71,[0.14, 0.13, 0.14, -0.11, 0.11, -0.24, -0.08, -0.23, 0.23, 10.07]
428,1.71,[0.14, 0.13, 0.14, -0.11, 0.11, -0.24, -0.08, -0.23, 0.23, 10.07]
429,1.71,[0.14, 0.13, 0.14, -0.11, 0.11, -0.24, -0.08, -0.23, 0.23, 10.07]
430,1.71,[0.14, 0.13, 0.14, -0.11, 0.11, -0.24, -0.08, -0.23, 0.23, 10.07]
431,1.71,[0.14, 0.13, 0.14, -0.11, 0.11, -0.24, -0.08, -0.23, 0.23, 10.07]
432,1.71,[0.14, 0.13, 0.14, -0.11, 0.11, -0.24, -0.08, -0.23, 0.23, 10.07]
433,1.71,[0.14, 0.13, 0.14, -0.11, 0.11, -0.24, -0.08, -0.23, 0.23, 10.07]
434,1.71,[0.14, 0.13, 0.14, -0.11, 0.11, -0.24, -0.08, -0.23, 0.23, 10.07]
435,1.71,[0.14, 0.13, 0.14, -0.11, 0.11, -0.24, -0.08, -0.23, 0.23, 10.07]
436,1.71,[0.14, 0.13, 0.14, -0.11, 0.11, -0.24, -0.08, -0.23, 0.23, 10.07]
437,1.71,[0.14, 0.13, 0.14, -0.11, 0.11, -0.24, -0.08, -0.23, 0.23, 10.07]
438,1.71,[0.14, 0.13, 0.14, -0.11, 0.11, -0.24, -0.08, -0.23, 0.23, 10.07]
439,1.71,[0.14, 0.13, 0.14, -0.11, 0.11, -0.24, -0.08, -0.23, 0.23, 10.07]
440,1.71,[0.14, 0.13, 0.14, -0.11, 0.11, -0.24, -0.08, -0.23, 0.23, 10.07]
441,1.71,[0.14, 0.13, 0.14, -0.11, 0.11, -0.24, -0.08, -0.23, 0.23, 10.07]
442,1.71,[0.14, 0.13, 0.14, -0.11, 0.11, -0.24, -0.08, -0.23, 0.23, 10.07]
443,1.71,[0.14, 0.13, 0.14, -0.11, 0.11, -0.24, -0.08, -0.23, 0.23, 10.07]
444,1.71,[0.14, 0.13, 0.14, -0.11, 0.11, -0.24, -0.08, -0.23, 0.23, 10.07]
445,1.71,[0.14, 0.13, 0.14, -0.11, 0.11, -0.24, -0.08, -0.23, 0.23, 10.07]
446,1.71,[0.14, 0.13, 0.14, -0.11, 0.11, -0.24, -0.08, -0.23, 0.23, 10.07]
447,1.71,[0.14, 0.13, 0.14, -0.11, 0.11, -0.24, -0.08, -0.23, 0.23, 10.07]
448,1.71,[0.14, 0.13, 0.14, -0.11, 0.11, -0.24, -0.08, -0.23, 0.23, 10.07]
449,1.71,[0.14, 0.13, 0.14, -0.11, 0.11, -0.24, -0.08, -0.23, 0.23, 10.07]
450,1.71,[0.14, 0.13, 0.14, -0.11, 0.11, -0.24, -0.08, -0.23, 0.23, 10.07]
451,1.71,[0.14, 0.13, 0.14, -0.11, 0.11, -0.24, -0.08, -0.23, 0.23, 10.07]
452,1.71,[0.14, 0.13, 0.14, -0.11, 0.11, -0.24, -0.08, -0.23, 0.23, 10.07]
453,1.71,[0.14, 0.13, 0.14, -0.11, 0.11, -0.24, -0.08, -0.23, 0.23, 10.07]
454,1.71,[0.14, 0.13, 0.14, -0.11, 0.11, -0.24, -0.08, -0.23, 0.23, 10.07]
455,1.71,[0.14, 0.13, 0.14, -0.11, 0.11, -0.24, -0.08, -0.23, 0.23, 10.07]
456,1.71,[0.14, 0.13, 0.14, -0.11, 0.11, -0.24, -0.08, -0.23, 0.23, 10.07]
457,1.71,[0.14, 0.13, 0.14, -0.11, 0.11, -0.24, -0.08, -0.23, 0.23, 10.07]
458,1.71,[0.14, 0.13, 0.14, -0.11, 0.11, -0.24, -0.08, -0.23, 0.23, 10.07]
459,1.71,[0.14, 0.13, 0.14, -0.11, 0.11, -0.24, -0.08, -0.23, 0.23, 10.07]
460,1.71,[0.14, 0.13, 0.14, -0.11, 0.11, -0.24, -0.08, -0.23, 0.23, 10.07]
461,1.71,[0.14, 0.13, 0.14, -0.11, 0.11, -0.24, -0.08, -0.23, 0.23, 10.07]
462,1.71,[0.14, 0.13, 0.14, -0.11, 0.11, -0.24, -0.08, -0.23, 0.23, 10.07]
463,1.71,[0.14, 0.13, 0.14, -0.11, 0.11, -0.24, -0.08, -0.23, 0.23, 10.07]
464,1.71,[0.14, 0.13, 0.14, -0.11, 0.11, -0.24, -0.08, -0.23, 0.23, 10.07]
465,1.71,[0.14, 0.13, 0.14, -0.11, 0.11, -0.24, -0.08, -0.23, 0.23, 10.07]
466,1.71,[0.14, 0.13, 0.14, -0.11, 0.11, -0.24, -0.08, -0.23, 0.23, 10.07]
467,1.71,[0.14, 0.13, 0.14, -0.11, 0.11, -0.24, -0.08, -0.23, 0.23, 10.07]
468,1.71,[0.14, 0.13, 0.14, -0.11, 0.11, -0.24, -0.08, -0.23, 0.23, 10.07]
469,1.71,[0.14, 0.13, 0.14, -0.11, 0.11, -0.24, -0.08, -0.23, 0.23, 10.07]
470,1.71,[0.14, 0.13, 0.14, -0.11, 0.11, -0.24, -0.08, -0.23, 0.23, 10.07]
471,1.71,[0.14, 0.13, 0.14, -0.11, 0.11, -0.24, -0.08, -0.23, 0.23, 10.07]
472,1.71,[0.14, 0.13, 0.14, -0.11, 0.11, -0.24, -0.08, -0.23, 0.23, 10.07]
473,1.71,[0.14, 0.13, 0.14, -0.11, 0.11, -0.24, -0.08, -0.23, 0.23, 10.07]
474,1.71,[0.14, 0.13, 0.14, -0.11, 0.11, -0.24, -0.08, -0.23, 0.23, 10.07]
475,1.71,[0.14, 0.13, 0.14, -0.11, 0.11, -0.24, -0.08, -0.23, 0.23, 10.07]
476,1.71,[0.14, 0.13, 0.14, -0.11, 0.11, -0.24, -0.08, -0.23, 0.23, 10.07]
477,1.71,[0.14, 0.13, 0.14, -0.11, 0.11, -0.24, -0.08, -0.23, 0.23, 10.07]
478,1.71,[0.14, 0.13, 0.14, -0.11, 0.11, -0.24, -0.08, -0.23, 0.23, 10.07]
479,1.71,[0.14, 0.13, 0.14, -0.11, 0.11, -0.24, -0.08, -0.23, 0.23, 10.07]
480,1.71,[0.14, 0.13, 0.14, -0.11, 0.11, -0.24, -0.08, -0.23, 0.23, 10.07]
481,1.71,[0.14, 0.13, 0.14, -0.11, 0.11, -0.24, -0.08, -0.23, 0.23, 10.07]
482,1.71,[0.14, 0.13, 0.14, -0.11, 0.11, -0.24, -0.08, -0.23, 0.23, 10.07]
483,1.71,[0.14, 0.13, 0.14, -0.11, 0.11, -0.24, -0.08, -0.23, 0.23, 10.07]
484,1.71,[0.14, 0.13, 0.14, -0.11, 0.11, -0.24, -0.08, -0.23, 0.23, 10.07]
485,1.71,[0.14, 0.13, 0.14, -0.11, 0.11, -0.24, -0.08, -0.23, 0.23, 10.07]
486,1.71,[0.14, 0.13, 0.14, -0.11, 0.11, -0.24, -0.08, -0.23, 0.23, 10.07]
487,1.71,[0.14, 0.13, 0.14, -0.11, 0.11, -0.24, -0.08, -0.23, 0.23, 10.07]
488,1.71,[0.14, 0.13, 0.14, -0.11, 0.11, -0.24, -0.08, -0.23, 0.23, 10.07]
489,1.71,[0.14, 0.13, 0.14, -0.11, 0.11, -0.24, -0.08, -0.23, 0.23, 10.07]
490,1.71,[0.14, 0.13, 0.14, -0.11, 0.11, -0.24, -0.08, -0.23, 0.23, 10.07]
491,1.71,[0.14, 0.13, 0.14, -0.11, 0.11, -0.24, -0.08, -0.23, 0.23, 10.07]
492,1.7,[0.14, 0.13, 0.14, -0.11, 0.11, -0.07, -0.08, -0.23, 0.23, 10.07]
493,1.7,[0.14, 0.13, 0.14, -0.11, 0.11, -0.07, -0.08, -0.23, 0.23, 10.07]
494,1.7,[0.14, 0.13, 0.14, -0.11, 0.11, -0.07, -0.08, -0.23, 0.23, 10.07]
495,1.7,[0.14, 0.13, 0.14, -0.11, 0.11, -0.07, -0.08, -0.23, 0.23, 10.07]
496,1.7,[0.14, 0.13, 0.14, -0.11, 0.11, -0.07, -0.08, -0.23, 0.23, 10.07]
497,1.7,[0.14, 0.13, 0.14, -0.11, 0.11, -0.07, -0.08, -0.23, 0.23, 10.07]
498,1.7,[0.14, 0.13, 0.14, -0.11, 0.11, -0.07, -0.08, -0.23, 0.23, 10.07]
499,1.7,[0.14, 0.13, 0.14, -0.11, 0.11, -0.07, -0.08, -0.23, 0.23, 10.07]
500,1.7,[0.14, 0.13, 0.14, -0.11, 0.11, -0.07, -0.08, -0.23, 0.23, 10.07]
501,1.7,[0.14, 0.13, 0.14, -0.11, 0.11, -0.07, -0.08, -0.23, 0.23, 10.07]
502,1.7,[0.14, 0.13, 0.14, -0.11, 0.11, -0.07, -0.08, -0.23, 0.23, 10.07]
503,1.7,[0.14, 0.13, 0.14, -0.11, 0.11, -0.07, -0.08, -0.23, 0.23, 10.07]
504,1.7,[0.14, 0.13, 0.14, -0.11, 0.11, -0.07, -0.08, -0.23, 0.23, 10.07]
505,1.7,[0.14, 0.13, 0.14, -0.11, 0.11, -0.07, -0.08, -0.23, 0.23, 10.07]
506,1.7,[0.14, 0.13, 0.14, -0.11, 0.11, -0.07, -0.08, -0.23, 0.23, 10.07]
507,1.7,[0.14, 0.13, 0.14, -0.11, 0.11, -0.07, -0.08, -0.23, 0.23, 10.07]
508,1.7,[0.14, 0.13, 0.14, -0.11, 0.11, -0.07, -0.08, -0.23, 0.23, 10.07]
509,1.7,[0.14, 0.13, 0.14, -0.11, 0.11, -0.07, -0.08, -0.23, 0.23, 10.07]
510,1.7,[0.14, 0.13, 0.14, -0.11, 0.11, -0.07, -0.08, -0.23, 0.23, 10.07]
511,1.7,[0.14, 0.13, 0.14, -0.11, 0.11, -0.07, -0.08, -0.23, 0.23, 10.07]
512,1.7,[0.14, 0.13, 0.14, -0.11, 0.11, -0.07, -0.08, -0.23, 0.23, 10.07]
513,1.7,[0.14, 0.13, 0.14, -0.11, 0.11, -0.07, -0.08, -0.23, 0.23, 10.07]
514,1.7,[0.14, 0.13, 0.14, -0.11, 0.11, -0.07, -0.08, -0.23, 0.23, 10.07]
515,1.7,[0.14, 0.13, 0.14, -0.11, 0.11, -0.07, -0.08, -0.23, 0.23, 10.07]
516,1.7,[0.14, 0.13, 0.14, -0.11, 0.11, -0.07, -0.08, -0.23, 0.23, 10.07]
517,1.7,[0.14, 0.13, 0.14, -0.11, 0.11, -0.07, -0.08, -0.23, 0.23, 10.07]
518,1.7,[0.14, 0.13, 0.14, -0.11, 0.11, -0.07, -0.08, -0.23, 0.23, 10.07]
519,1.7,[0.14, 0.13, 0.14, -0.11, 0.11, -0.07, -0.08, -0.23, 0.23, 10.07]
520,1.7,[0.14, 0.13, 0.14, -0.11, 0.11, -0.07, -0.08, -0.23, 0.23, 10.07]
521,1.7,[0.14, 0.13, 0.14, -0.11, 0.11, -0.07, -0.08, -0.23, 0.23, 10.07]
522,1.7,[0.14, 0.13, 0.14, -0.11, 0.11, -0.07, -0.08, -0.23, 0.23, 10.07]
523,1.7,[0.14, 0.13, 0.14, -0.11, 0.11, -0.07, -0.08, -0.23, 0.23, 10.07]
524,1.7,[0.14, 0.13, 0.14, -0.11, 0.11, -0.07, -0.08, -0.23, 0.23, 10.07]
525,1.7,[0.14, 0.13, 0.14, -0.11, 0.11, -0.07, -0.08, -0.23, 0.23, 10.07]
526,1.7,[0.14, 0.13, 0.14, -0.11, 0.11, -0.07, -0.08, -0.23, 0.23, 10.07]
527,1.7,[0.14, 0.13, 0.14, -0.11, 0.11, -0.07, -0.08, -0.23, 0.23, 10.07]
528,1.7,[0.14, 0.13, 0.14, -0.11, 0.11, -0.07, -0.08, -0.23, 0.23, 10.07]
529,1.7,[0.14, 0.13, 0.14, -0.11, 0.11, -0.07, -0.08, -0.23, 0.23, 10.07]
530,1.7,[0.14, 0.13, 0.14, -0.11, 0.11, -0.07, -0.08, -0.23, 0.23, 10.07]
531,1.7,[0.14, 0.13, 0.14, -0.11, 0.11, -0.07, -0.08, -0.23, 0.23, 10.07]
532,1.7,[0.14, 0.13, 0.14, -0.11, 0.11, -0.07, -0.08, -0.23, 0.23, 10.07]
533,1.7,[0.14, 0.13, 0.14, -0.11, 0.11, -0.07, -0.08, -0.23, 0.23, 10.07]
534,1.7,[0.14, 0.13, 0.14, -0.11, 0.11, -0.07, -0.08, -0.23, 0.23, 10.07]
535,1.7,[0.14, 0.13, 0.14, -0.11, 0.11, -0.07, -0.08, -0.23, 0.23, 10.07]
536,1.7,[0.14, 0.13, 0.14, -0.11, 0.11, -0.07, -0.08, -0.23, 0.23, 10.07]
537,1.7,[0.14, 0.13, 0.14, -0.11, 0.11, -0.07, -0.08, -0.23, 0.23, 10.07]
538,1.7,[0.14, 0.13, 0.14, -0.11, 0.11, -0.07, -0.08, -0.23, 0.23, 10.07]
539,1.7,[0.14, 0.13, 0.14, -0.11, 0.11, -0.07, -0.08, -0.23, 0.23, 10.07]
540,1.7,[0.14, 0.13, 0.14, -0.11, 0.11, -0.07, -0.08, -0.23, 0.23, 10.07]
541,1.7,[0.14, 0.13, 0.14, -0.11, 0.11, -0.07, -0.08, -0.23, 0.23, 10.07]
542,1.7,[0.14, 0.13, 0.14, -0.11, 0.11, -0.07, -0.08, -0.23, 0.23, 10.07]
543,1.7,[0.14, 0.13, 0.14, -0.11, 0.11, -0.07, -0.08, -0.23, 0.23, 10.07]
544,1.7,[0.14, 0.13, 0.14, -0.11, 0.11, -0.07, -0.08, -0.23, 0.23, 10.07]
545,1.7,[0.14, 0.13, 0.14, -0.11, 0.11, -0.07, -0.08, -0.23, 0.23, 10.07]
546,1.7,[0.14, 0.13, 0.14, -0.11, 0.11, -0.07, -0.08, -0.23, 0.23, 10.07]
547,1.7,[0.14, 0.13, 0.14, -0.11, 0.11, -0.07, -0.08, -0.23, 0.23, 10.07]
548,1.7,[0.14, 0.13, 0.14, -0.11, 0.11, -0.07, -0.08, -0.23, 0.23, 10.07]
549,1.7,[0.14, 0.13, 0.14, -0.11, 0.11, -0.07, -0.08, -0.23, 0.23, 10.07]
550,1.7,[0.14, 0.13, 0.14, -0.11, 0.11, -0.07, -0.08, -0.23, 0.23, 10.07]
551,1.7,[0.14, 0.13, 0.14, -0.11, 0.11, -0.07, -0.08, -0.23, 0.23, 10.07]
552,1.7,[0.14, 0.13, 0.14, -0.11, 0.11, -0.07, -0.08, -0.23, 0.23, 10.07]
553,1.7,[0.14, 0.13, 0.14, -0.11, 0.11, -0.07, -0.08, -0.23, 0.23, 10.07]
554,1.7,[0.14, 0.13, 0.14, -0.11, 0.11, -0.07, -0.08, -0.23, 0.23, 10.07]
555,1.7,[0.14, 0.13, 0.14, -0.11, 0.11, -0.07, -0.08, -0.23, 0.23, 10.07]
556,1.7,[0.14, 0.13, 0.14, -0.11, 0.11, -0.07, -0.08, -0.23, 0.23, 10.07]
557,1.7,[0.14, 0.13, 0.14, -0.11, 0.11, -0.07, -0.08, -0.23, 0.23, 10.07]
558,1.7,[0.14, 0.13, 0.14, -0.11, 0.11, -0.07, -0.08, -0.23, 0.23, 10.07]
559,1.7,[0.14, 0.13, 0.14, -0.11, 0.11, -0.07, -0.08, -0.23, 0.23, 10.07]
560,1.7,[0.14, 0.13, 0.14, -0.11, 0.11, -0.07, -0.08, -0.23, 0.23, 10.07]
561,1.7,[0.14, 0.13, 0.14, -0.11, 0.11, -0.07, -0.08, -0.23, 0.23, 10.07]
562,1.7,[0.14, 0.13, 0.14, -0.11, 0.11, -0.07, -0.08, -0.23, 0.23, 10.07]
563,1.7,[0.14, 0.13, 0.14, -0.11, 0.11, -0.07, -0.08, -0.23, 0.23, 10.07]
564,1.7,[0.14, 0.13, 0.14, -0.11, 0.11, -0.07, -0.08, -0.23, 0.23, 10.07]
565,1.7,[0.14, 0.13, 0.14, -0.11, 0.11, -0.07, -0.08, -0.23, 0.23, 10.07]
566,1.7,[0.14, 0.13, 0.14, -0.11, 0.11, -0.07, -0.08, -0.23, 0.23, 10.07]
567,1.7,[0.14, 0.13, 0.14, -0.11, 0.11, -0.07, -0.08, -0.23, 0.23, 10.07]
568,1.7,[0.14, 0.13, 0.14, -0.11, 0.11, -0.07, -0.08, -0.23, 0.23, 10.07]
569,1.7,[0.14, 0.13, 0.14, -0.11, 0.11, -0.07, -0.08, -0.23, 0.23, 10.07]
570,1.7,[0.14, 0.13, 0.14, -0.11, 0.11, -0.07, -0.08, -0.23, 0.23, 10.07]
571,1.7,[0.14, 0.13, 0.14, -0.11, 0.11, -0.07, -0.08, -0.23, 0.23, 10.07]
572,1.7,[0.14, 0.13, 0.14, -0.11, 0.11, -0.07, -0.08, -0.23, 0.23, 10.07]
573,1.7,[0.14, 0.13, 0.14, -0.11, 0.11, -0.07, -0.08, -0.23, 0.23, 10.07]
574,1.7,[0.14, 0.13, 0.14, -0.11, 0.11, -0.07, -0.08, -0.23, 0.23, 10.07]
575,1.7,[0.14, 0.13, 0.14, -0.11, 0.11, -0.07, -0.08, -0.23, 0.23, 10.07]
576,1.7,[0.14, 0.13, 0.14, -0.11, 0.11, -0.07, -0.08, -0.23, 0.23, 10.07]
577,1.7,[0.14, 0.13, 0.14, -0.11, 0.11, -0.07, -0.08, -0.23, 0.23, 10.07]
578,1.7,[0.14, 0.13, 0.14, -0.11, 0.11, -0.07, -0.08, -0.23, 0.23, 10.07]
579,1.7,[0.14, 0.13, 0.14, -0.11, 0.11, -0.07, -0.08, -0.23, 0.23, 10.07]
580,1.7,[0.14, 0.13, 0.14, -0.11, 0.11, -0.07, -0.08, -0.23, 0.23, 10.07]
581,1.7,[0.14, 0.13, 0.14, -0.11, 0.11, -0.07, -0.08, -0.23, 0.23, 10.07]
582,1.7,[0.14, 0.13, 0.14, -0.11, 0.11, -0.07, -0.08, -0.23, 0.23, 10.07]
583,1.7,[0.14, 0.13, 0.14, -0.11, 0.11, -0.07, -0.08, -0.23, 0.23, 10.07]
584,1.7,[0.14, 0.13, 0.14, -0.11, 0.11, -0.07, -0.08, -0.23, 0.23, 10.07]
585,1.7,[0.14, 0.13, 0.14, -0.11, 0.11, -0.07, -0.08, -0.23, 0.23, 10.07]
586,1.7,[0.14, 0.13, 0.14, -0.11, 0.11, -0.07, -0.08, -0.23, 0.23, 10.07]
587,1.7,[0.14, 0.13, 0.14, -0.11, 0.11, -0.07, -0.08, -0.23, 0.23, 10.07]
588,1.7,[0.14, 0.13, 0.14, -0.11, 0.11, -0.07, -0.08, -0.23, 0.23, 10.07]
589,1.7,[0.14, 0.13, 0.14, -0.11, 0.11, -0.07, -0.08, -0.23, 0.23, 10.07]
590,1.7,[0.14, 0.13, 0.14, -0.11, 0.11, -0.07, -0.08, -0.23, 0.23, 10.07]
591,1.7,[0.14, 0.13, 0.14, -0.11, 0.11, -0.07, -0.08, -0.23, 0.23, 10.07]
592,1.7,[0.14, 0.13, 0.14, -0.11, 0.11, -0.07, -0.08, -0.23, 0.23, 10.07]
593,1.7,[0.14, 0.13, 0.14, -0.11, 0.11, -0.07, -0.08, -0.23, 0.23, 10.07]
594,1.7,[0.14, 0.13, 0.14, -0.11, 0.11, -0.07, -0.08, -0.23, 0.23, 10.07]
595,1.7,[0.14, 0.13, 0.14, -0.11, 0.11, -0.07, -0.08, -0.23, 0.23, 10.07]
596,1.7,[0.14, 0.13, 0.14, -0.11, 0.11, -0.07, -0.08, -0.23, 0.23, 10.07]
597,1.7,[0.14, 0.13, 0.14, -0.11, 0.11, -0.07, -0.08, -0.23, 0.23, 10.07]
598,1.7,[0.14, 0.13, 0.14, -0.11, 0.11, -0.07, -0.08, -0.23, 0.23, 10.07]
599,1.7,[0.14, 0.13, 0.14, -0.11, 0.11, -0.07, -0.08, -0.23, 0.23, 10.07]
600,1.7,[0.14, 0.13, 0.14, -0.11, 0.11, -0.07, -0.08, -0.23, 0.23, 10.07]
